{
  "A: Attr+CrossTalk": {
    "head": {
      "gen_acc": 0.01002981837896449,
      "ref_acc": 0.04174573055028463,
      "acc_norm": 0.24025974025974026,
      "n_samples": 3689
    },
    "tail": {
      "gen_acc": 0.007590132827324478,
      "ref_acc": 0.02683654106804012,
      "acc_norm": 0.2828282828282828,
      "n_samples": 3689
    },
    "all": {
      "gen_acc": 0.009812957441040932,
      "ref_acc": 0.03887232312279751,
      "acc_norm": 0.2524407252440725,
      "n_samples": 18445
    },
    "head_tail_gap": {
      "acc_norm_gap": 0.04256854256854256,
      "gen_acc_gap": -0.002439685551640011
    },
    "hamming_stats": {
      "k": 5,
      "mean": 1.2971537001897533,
      "std": 0.5099338780697462,
      "head_mean": 1.0,
      "tail_mean": 2.1279479533748984
    }
  },
  "B: Attr-NoCrossTalk": {
    "head": {
      "gen_acc": 0.014095960965031174,
      "ref_acc": 0.04174573055028463,
      "acc_norm": 0.33766233766233766,
      "n_samples": 3689
    },
    "tail": {
      "gen_acc": 0.008403361344537815,
      "ref_acc": 0.02683654106804012,
      "acc_norm": 0.3131313131313131,
      "n_samples": 3689
    },
    "all": {
      "gen_acc": 0.013499593385741393,
      "ref_acc": 0.03887232312279751,
      "acc_norm": 0.34728033472803344,
      "n_samples": 18445
    },
    "head_tail_gap": {
      "acc_norm_gap": -0.02453102453102457,
      "gen_acc_gap": -0.005692599620493359
    },
    "hamming_stats": {
      "k": 5,
      "mean": 1.2971537001897533,
      "std": 0.5099338780697462,
      "head_mean": 1.0,
      "tail_mean": 2.1279479533748984
    }
  },
  "C: Text-Only": {
    "head": {
      "gen_acc": 0.01870425589590675,
      "ref_acc": 0.04174573055028463,
      "acc_norm": 0.44805194805194803,
      "n_samples": 3689
    },
    "tail": {
      "gen_acc": 0.011114123068582272,
      "ref_acc": 0.02683654106804012,
      "acc_norm": 0.41414141414141414,
      "n_samples": 3689
    },
    "all": {
      "gen_acc": 0.017891027378693414,
      "ref_acc": 0.03887232312279751,
      "acc_norm": 0.4602510460251046,
      "n_samples": 18445
    },
    "head_tail_gap": {
      "acc_norm_gap": -0.03391053391053389,
      "gen_acc_gap": -0.007590132827324479
    },
    "hamming_stats": {
      "k": 5,
      "mean": 1.2971537001897533,
      "std": 0.5099338780697462,
      "head_mean": 1.0,
      "tail_mean": 2.1279479533748984
    }
  },
  "D: Text+Attr Fusion": {
    "head": {
      "gen_acc": 0.0056925996204933585,
      "ref_acc": 0.04174573055028463,
      "acc_norm": 0.13636363636363635,
      "n_samples": 3689
    },
    "tail": {
      "gen_acc": 0.005963675792897805,
      "ref_acc": 0.02683654106804012,
      "acc_norm": 0.2222222222222222,
      "n_samples": 3689
    },
    "all": {
      "gen_acc": 0.00618053673082136,
      "ref_acc": 0.03887232312279751,
      "acc_norm": 0.15899581589958156,
      "n_samples": 18445
    },
    "head_tail_gap": {
      "acc_norm_gap": 0.08585858585858586,
      "gen_acc_gap": 0.00027107617240444606
    },
    "hamming_stats": {
      "k": 5,
      "mean": 1.2971537001897533,
      "std": 0.5099338780697462,
      "head_mean": 1.0,
      "tail_mean": 2.1279479533748984
    }
  }
}