{
  "PTFG-best (cross-talk)": {
    "head": {
      "gen_acc": 0.01436703713743562,
      "ref_acc": 0.04174573055028463,
      "acc_norm": 0.34415584415584416,
      "n_samples": 3689
    },
    "tail": {
      "gen_acc": 0.011656275413391162,
      "ref_acc": 0.02683654106804012,
      "acc_norm": 0.4343434343434343,
      "n_samples": 3689
    },
    "all": {
      "gen_acc": 0.015776633233938738,
      "ref_acc": 0.03887232312279751,
      "acc_norm": 0.40585774058577406,
      "n_samples": 18445
    },
    "head_tail_gap": {
      "acc_norm_gap": 0.09018759018759015,
      "gen_acc_gap": -0.002710761724044457
    },
    "hamming_stats": {
      "k": 5,
      "mean": 1.2971537001897533,
      "std": 0.5099338780697462,
      "head_mean": 1.0,
      "tail_mean": 2.1279479533748984
    }
  },
  "PTFG-no-cross-talk": {
    "head": {
      "gen_acc": 0.02114394144754676,
      "ref_acc": 0.04174573055028463,
      "acc_norm": 0.5064935064935064,
      "n_samples": 3689
    },
    "tail": {
      "gen_acc": 0.014095960965031174,
      "ref_acc": 0.02683654106804012,
      "acc_norm": 0.5252525252525252,
      "n_samples": 3689
    },
    "all": {
      "gen_acc": 0.017619951206288967,
      "ref_acc": 0.03887232312279751,
      "acc_norm": 0.4532775453277545,
      "n_samples": 18445
    },
    "head_tail_gap": {
      "acc_norm_gap": 0.018759018759018753,
      "gen_acc_gap": -0.007047980482515585
    },
    "hamming_stats": {
      "k": 5,
      "mean": 1.2971537001897533,
      "std": 0.5099338780697462,
      "head_mean": 1.0,
      "tail_mean": 2.1279479533748984
    }
  }
}