{
  "PTFG-best": {
    "head": {
      "gen_acc": 0.04125,
      "ref_acc": 0.0525,
      "acc_norm": 0.7857142857142858,
      "n_samples": 800
    },
    "tail": {
      "gen_acc": 0.0375,
      "ref_acc": 0.0375,
      "acc_norm": 1.0,
      "n_samples": 800
    },
    "all": {
      "gen_acc": 0.0325,
      "ref_acc": 0.04425,
      "acc_norm": 0.7344632768361583,
      "n_samples": 4000
    },
    "head_tail_gap": {
      "acc_norm_gap": 0.2142857142857142,
      "gen_acc_gap": -0.0037500000000000033
    },
    "hamming_stats": {
      "k": 5,
      "mean": 0.0,
      "std": 0.0,
      "head_mean": 0.0,
      "tail_mean": 0.0
    }
  },
  "PTFG-no-cross-talk": {
    "head": {
      "gen_acc": 0.0475,
      "ref_acc": 0.0525,
      "acc_norm": 0.9047619047619048,
      "n_samples": 800
    },
    "tail": {
      "gen_acc": 0.035,
      "ref_acc": 0.0375,
      "acc_norm": 0.9333333333333335,
      "n_samples": 800
    },
    "all": {
      "gen_acc": 0.03725,
      "ref_acc": 0.04425,
      "acc_norm": 0.8418079096045198,
      "n_samples": 4000
    },
    "head_tail_gap": {
      "acc_norm_gap": 0.028571428571428692,
      "gen_acc_gap": -0.012499999999999997
    },
    "hamming_stats": {
      "k": 5,
      "mean": 0.0,
      "std": 0.0,
      "head_mean": 0.0,
      "tail_mean": 0.0
    }
  }
}